display_name,name,realm,remote_ip,remote_pip,attempt_connect,maxActive,disabled,peer_test_mode,peer_mtu,local_port_range_1,local_port_range_2,local_port_range_3,local_port_range_4,local_port_range_5,local_port_range_6,local_port_range_7,local_port_range_8,MaxInboundStreams,MaxOutboundStreams
HSS-EastLink,aaa://wadl-hss01.mobi.eastlink.ca:3868;transport=sctp,mobi.eastlink.ca,"71.7.198.84,71.7.198.85","10.232.1.103,10.232.1.104",true,1,false,false,1500,17119,,,,,,,,1,1
AlbTelecom_HSS,aaa://hss.albtelecom.com:3868;transport=sctp,albtelecom.com,"217.24.242.180,217.24.242.188",,false,1,false,false,1500,,,,,,,,,,
Globetouch-HUB-DEA1,aaa://drabr1.eucsim.globetouch.com;transport=sctp,eucsim.globetouch.com,"193.240.185.86,193.240.185.102",,false,1,false,true,1500,,,,,,,,,,
Globetouch-HUB-DEA2,aaa://drabr2.eucsim.globetouch.com;transport=sctp,eucsim.globetouch.com,"193.240.185.87,193.240.185.103",,false,1,false,true,1500,,,,,,,,,,
Globetouch-HUB-DEA3,aaa://draln1.eucsim.globetouch.com;transport=sctp,eucsim.globetouch.com,"185.81.136.167,185.81.136.183",,false,1,false,true,1500,,,,,,,,,,
Globetouch-HUB-DEA4,aaa://draln2.eucsim.globetouch.com;transport=sctp,eucsim.globetouch.com,"185.81.136.168,185.81.136.184",,false,1,false,true,1500,,,,,,,,,,
Syn-Chicago-DRA,aaa://dp01-chi.syniverse.com:3868;transport=sctp,syniverse.com,"205.174.191.6,205.174.191.22",,false,1,false,false,1500,,,,,,,,,,
Syn-Dallas-DRA,aaa://dp01-dal.syniverse.com:3868;transport=sctp,syniverse.com,"205.174.191.38,205.174.191.54",,true,1,false,false,1500,17011,,,,,,,,8,8
dsc-nl-ams-eq01,aaa://dsc-nl-ams-eq01:3868;transport=sctp,ipx.bt.com,"147.152.56.10,147.152.56.14",,true,1,false,true,1500,17145,,,,,,,,1,1
DTAG-FFM01-DRA,aaa://sdc-ffm01.diameter.dtag.grx:3868;transport=sctp,diameter.dtag.grx,"81.28.79.65,81.28.79.89",,false,1,false,false,1500,,,,,,,,,,
DTAG-FFM21-DRA,aaa://sdc-ffm21.diameter.dtag.grx:3868;transport=sctp,diameter.dtag.grx,"81.28.79.81,81.28.79.73",,false,1,false,false,1500,,,,,,,,,,
ibasis-draams101-dea,aaa://draams101.ibasis.grx;transport=sctp,ibasis.grx,"62.93.153.4,62.93.153.36",,false,1,false,false,1500,,,,,,,,,,
ibasis-draams102-dea,aaa://draams102.ibasis.grx;transport=sctp,ibasis.grx,"62.93.153.5,62.93.153.37",,false,1,false,false,1500,,,,,,,,,,
tis-dra01-dea,aaa://dra01.net2mobile.grx;transport=sctp,net2mobile.grx,"93.186.140.134,93.186.140.150",,false,1,false,false,1500,,,,,,,,,,
tis-dra02-dea,aaa://dra02.net2mobile.grx;transport=sctp,net2mobile.grx,"93.186.140.198,93.186.140.214",,false,1,false,false,1500,,,,,,,,,,
vh-osl1dra1-dea,aaa://dtosl1dra1.telenor.grx:3868;transport=sctp,telenor.grx,"213.230.171.36,213.230.171.164",,true,1,false,false,1500,17109,,,,,,,,8,8
vh-osl2dra1-dea,aaa://dtosl2dra1.telenor.grx:3868;transport=sctp,telenor.grx,"213.230.171.52,213.230.171.180",,true,1,false,false,1500,17110,,,,,,,,8,8
osl1dra1-dea,aaa://osl1dra1.telenor.grx:3868;transport=sctp,telenor.grx,"213.230.171.37,213.230.171.165",,false,1,false,false,1500,,,,,,,,,,
osl2dra1-dea,aaa://osl2dra1.telenor.grx:3868;transport=sctp,telenor.grx,"213.230.171.53,213.230.171.181",,false,1,false,false,1500,,,,,,,,,,
Vodafone-drs11-dea,aaa://drs11.vodafone.grx:3868;transport=sctp,vodafone.grx,"47.73.161.36,47.73.161.4",,true,1,false,false,1500,17113,,,,,,,,2048,10
Vodafone-drs12-dea,aaa://drs12.vodafone.grx:3868;transport=sctp,vodafone.grx,"47.73.161.100,47.73.161.68",,true,1,false,false,1500,17114,,,,,,,,2048,10
Vodafone-drs21-dea,aaa://drs21.vodafone.grx:3868;transport=sctp,vodafone.grx,"47.73.169.36,47.73.169.4",,true,1,false,false,1500,17115,,,,,,,,2048,10
Vodafone-drs22-dea,aaa://drs22.vodafone.grx:3868;transport=sctp,vodafone.grx,"47.73.169.196,47.73.169.164",,true,1,false,false,1500,17116,,,,,,,,2048,10
sybase-dra1,aaa://dra01.sybase.ipx;transport=sctp,sybase.ipx,178.248.225.129,,false,1,false,false,1500,,,,,,,,,,
sybase-dra2,aaa://dra02.sybase.ipx;transport=sctp,sybase.ipx,178.248.225.130,,false,1,false,false,1500,,,,,,,,,,
FT-MP1Paris-DEA,aaa://mp1.dsrparis.dea.orange-multimedia.net:3868;transport=sctp,dea.orange-multimedia.net,"193.249.224.129,193.249.224.145",,false,1,false,false,1500,,,,,,,,,,
FT-MP2Paris-DEA,aaa://mp2.dsrparis.dea.orange-multimedia.net:3868;transport=sctp,dea.orange-multimedia.net,"193.249.224.130,193.249.224.146",,false,1,false,false,1500,,,,,,,,,,
FT-MP1Reims-DEA,aaa://mp1.dsrreims.dea.orange-multimedia.net:3868;transport=sctp,dea.orange-multimedia.net,"193.249.224.161,193.249.224.177",,false,1,false,false,1500,,,,,,,,,,
FT-MP2Reims-DEA,aaa://mp2.dsrreims.dea.orange-multimedia.net:3868;transport=sctp,dea.orange-multimedia.net,"193.249.224.162,193.249.224.178",,false,1,false,false,1500,,,,,,,,,,
BICS-BRU11-DRA01-DRA,aaa://dra01b11.dra.bics.3gppnetwork.org:3868;transport=sctp,dra.bics.3gppnetwork.org,"94.102.167.135,94.102.167.151",,false,1,false,false,1500,,,,,,,,,,
BICS-BRU22-DRA01-DRA,aaa://dra01b22.dra.bics.3gppnetwork.org:3868;transport=sctp,dra.bics.3gppnetwork.org,"94.102.167.167,94.102.167.183",,false,1,false,false,1500,,,,,,,,,,
Etisalat-UAE-DEA1,aaa://drx1.ipx.etisalat.3gppnetwork.org:3868;transport=sctp,ipx.etisalat.3gppnetwork.org,"31.219.178.14,31.219.178.46",,true,1,false,false,1500,17129,,,,,,,,8,8
Etisalat-UAE-DEA2,aaa://drx2.ipx.etisalat.3gppnetwork.org:3868;transport=sctp,ipx.etisalat.3gppnetwork.org,"31.219.178.78,31.219.178.110",,true,1,false,false,1500,17130,,,,,,,,8,8
Sunrise-alts01sps01,aaa://alts01sps01.epc.mnc002.mcc228.3gppnetwork.org:3868;transport=sctp,epc.mnc002.mcc228.3gppnetwork.org,194.230.149.1,,false,1,false,false,1500,,,,,,,,,,
Sunrise-walb01sps01,aaa://walb01sps01.epc.mnc002.mcc228.3gppnetwork.org:3868;transport=sctp,epc.mnc002.mcc228.3gppnetwork.org,194.230.149.129,,false,1,false,false,1500,,,,,,,,,,
O2UK-DSC01-DEA,aaa://dsc01.epc.mnc010.mcc234.3gppnetwork.org;transport=sctp,epc.mnc010.mcc234.3gppnetwork.org,"158.230.120.134,158.230.122.134",,false,1,false,true,1500,,,,,,,,,,
O2UK-DSC02-DEA,aaa://dsc02.epc.mnc010.mcc234.3gppnetwork.org;transport=sctp,epc.mnc010.mcc234.3gppnetwork.org,"158.230.120.38,158.230.122.38",,false,1,false,true,1500,,,,,,,,,,
O2UK-lab-DSC98-DEA,aaa://dsc98.epc.mnc010.mcc234.3gppnetwork.org;transport=sctp,epc.mnc010.mcc234.3gppnetwork.org,"158.230.108.6,158.230.108.134",,false,1,false,true,1500,,,,,,,,,,
O2UK-lab-DSC99-DEA,aaa://dsc99.epc.mnc010.mcc234.3gppnetwork.org;transport=sctp,epc.mnc010.mcc234.3gppnetwork.org,"158.230.108.22,158.230.108.150",,false,1,false,true,1500,,,,,,,,,,
Truphone-pea-DEA,aaa://peamssdc.epc.mnc025.mcc234.3gppnetwork.org:3868;transport=sctp,epc.mnc025.mcc234.3gppnetwork.org,"194.88.243.226,194.88.243.227",,true,1,false,true,1500,17112,,,,,,,,1,1
Truphone-pel-DEA,aaa://peldnsdc.epc.mnc025.mcc234.3gppnetwork.org:3868;transport=sctp,epc.mnc025.mcc234.3gppnetwork.org,"194.88.242.226,194.88.242.227",,true,1,false,false,1500,17111,,,,,,,,1,1
Lyca_EQDRA1,aaa://dra01.epc.mnc026.mcc234.3gppnetwork.org:3872;transport=sctp,epc.mnc026.mcc234.3gppnetwork.org,"83.137.4.193,83.137.4.201",,true,1,false,false,1500,17131,,,,,,,,32,32
Lyca_EQDRA2,aaa://dra02.epc.mnc026.mcc234.3gppnetwork.org:3872;transport=sctp,epc.mnc026.mcc234.3gppnetwork.org,"83.137.4.209,83.137.4.217",,true,1,false,false,1500,17133,,,,,,,,32,32
Lyca_EQDRA3,aaa://dra03.epc.mnc026.mcc234.3gppnetwork.org:3872;transport=sctp,epc.mnc026.mcc234.3gppnetwork.org,"83.137.4.194,83.137.4.202",,true,1,false,false,1500,17132,,,,,,,,32,32
Lyca_EQDRA4,aaa://dra04.epc.mnc026.mcc234.3gppnetwork.org:3872;transport=sctp,epc.mnc026.mcc234.3gppnetwork.org,"83.137.4.210,83.137.4.218",,true,1,false,false,1500,17134,,,,,,,,32,32
LycaUK-test-HSS,aaa://hssuk01.epc.mnc026.mcc234.3gppnetwork.org:3868;transport=sctp,epc.mnc026.mcc234.3gppnetwork.org,83.137.0.50,10.89.2.22,true,1,true,true,1200,17140,,,,,,,,32,32
nodea.hssuk01,aaa://nodea.hssuk01.epc.mnc026.mcc234.3gppnetwork.org:3868;transport=sctp,epc.mnc026.mcc234.3gppnetwork.org,"83.137.4.225,83.137.4.233",,true,1,false,false,1200,17105,,,,,,,,32,32
nodeb.hssuk01,aaa://nodeb.hssuk01.epc.mnc026.mcc234.3gppnetwork.org:3868;transport=sctp,epc.mnc026.mcc234.3gppnetwork.org,"83.137.4.226,83.137.4.234",,true,1,false,false,1200,17106,,,,,,,,32,32
Tele2-avk6-dea,aaa://avk6-dea-1a.mnc007.mcc240.3gppnetwork.org:3868;transport=sctp,mnc007.mcc240.3gppnetwork.org,"193.216.123.128,193.216.123.129",,false,1,false,false,1500,,,,,,,,,,
Tele2-hgd-dea,aaa://hgd-dea-1a.mnc007.mcc240.3gppnetwork.org:3868;transport=sctp,mnc007.mcc240.3gppnetwork.org,"193.216.123.130,193.216.123.131",,false,1,false,false,1500,,,,,,,,,,
ICE_Osl3_DEA,aaa://osl3dsc1.epc.mnc014.mcc242.3gppnetwork.org:3868;transport=sctp,epc.mnc014.mcc242.3gppnetwork.org,"185.83.167.36,185.83.167.52",,true,1,false,true,1500,17122,,,,,,,,5,5
ICE_Osl4_DEA,aaa://osl4dsc1.epc.mnc014.mcc242.3gppnetwork.org:3868;transport=sctp,epc.mnc014.mcc242.3gppnetwork.org,"185.83.167.100,185.83.167.116",,true,1,false,true,1500,17123,,,,,,,,5,5
Vimplecom-dra11-DEA,aaa://dra11.msk.epc.mnc099.mcc250.3gppnetwork.org;transport=sctp,epc.mnc099.mcc250.3gppnetwork.org,"78.107.125.227,78.107.125.235",,false,1,false,false,1500,,,,,,,,,,
Vimplecom-dra21-DEA,aaa://dra21.msk.epc.mnc099.mcc250.3gppnetwork.org;transport=sctp,epc.mnc099.mcc250.3gppnetwork.org,"85.115.240.115,85.115.240.123",,false,1,false,false,1500,,,,,,,,,,
O2DE-hdeafra1-DEA,aaa://hdeafra1.epc.mnc007.mcc262.3gppnetwork.org;transport=sctp,epc.mnc007.mcc262.3gppnetwork.org,"82.113.120.164,82.113.120.180",,false,1,false,true,1500,,,,,,,,,,
O2DE-hdeamun1-DEA,aaa://hdeamun1.epc.mnc007.mcc262.3gppnetwork.org;transport=sctp,epc.mnc007.mcc262.3gppnetwork.org,"82.113.120.132,82.113.120.148",,false,1,false,true,1500,,,,,,,,,,
Gibtelecom-sgsnhv01-MME,aaa://sgsnhv01.epc.mnc001.mcc266.3gppnetwork.org;transport=sctp,epc.mnc001.mcc266.3gppnetwork.org,"195.244.199.68,195.244.199.69",,false,1,false,false,1500,,,,,,,,,,
Gibtelecom-sgsnmp01-MME,aaa://sgsnmp01.epc.mnc001.mcc266.3gppnetwork.org;transport=sctp,epc.mnc001.mcc266.3gppnetwork.org,"195.244.199.52,195.244.199.53",,false,1,false,false,1500,,,,,,,,,,
Gibtelecom-SLFMP01-HSS,aaa://slfmp01.epc.mnc001.mcc266.3gppnetwork.org:3868;transport=sctp,epc.mnc001.mcc266.3gppnetwork.org,"195.244.199.57,195.244.199.58",,true,2,false,true,1500,17101,17102,,,,,,,1,1
MEO-drabnf102-DEA,aaa://drabnf102.epc.mnc006.mcc268.3gppnetwork.org:3868;transport=sctp,epc.mnc006.mcc268.3gppnetwork.org,"88.214.191.22,88.214.191.30",,false,1,false,true,1200,,,,,,,,,,
MEO-drapic102-DEA,aaa://drapic102.epc.mnc006.mcc268.3gppnetwork.org:3868;transport=sctp,epc.mnc006.mcc268.3gppnetwork.org,"88.214.191.6,88.214.191.14",,false,1,false,true,1200,,,,,,,,,,
Three-DT0MME81-MME,aaa://mmec01.mmegi2001.mme.epc.mnc005.mcc272.3gppnetwork.org;transport=sctp,epc.mnc005.mcc272.3gppnetwork.org,"83.136.44.42,83.136.44.46",,false,1,false,true,1500,,,,,,,,,,
Three_Ireland-DN1MME01-MME,aaa://mmec00.mmegi8000.mme.epc.mnc005.mcc272.3gppnetwork.org;transport=sctp,epc.mnc005.mcc272.3gppnetwork.org,"92.251.255.98,92.251.255.102",,false,1,false,true,1500,,,,,,,,,,
Three_Ireland-DN1MME02-MME,aaa://mmec01.mmegi8000.mme.epc.mnc005.mcc272.3gppnetwork.org;transport=sctp,epc.mnc005.mcc272.3gppnetwork.org,"92.251.255.106,92.251.255.110",,false,1,false,true,1500,,,,,,,,,,
AlbTelecom_MME,aaa://mme-asr5000.epc.mnc003.mcc276.3gppnetwork.org:3868;transport=sctp,epc.mnc003.mcc276.3gppnetwork.org,"217.24.242.178,217.24.242.186",,false,1,false,false,1500,,,,,,,,,,
MME-EastLink-New,aaa://mmec02.mmegi8000.mme.epc.mnc270.mcc302.3gppnetwork.org;transport=sctp,epc.mnc270.mcc302.3gppnetwork.org,"71.7.198.118,71.7.198.119",,false,1,false,true,1500,,,,,,,,,,
Alfa-MIC-1-admadsc01-DEA1,aaa://admadsc01.epc.mnc001.mcc415.3gppnetwork.org;transport=sctp,epc.mnc001.mcc415.3gppnetwork.org,"185.81.141.181,185.81.141.182",,false,1,false,true,1500,,,,,,,,,,
Alfa-MIC-1-libdsc01-DEA,aaa://libdsc01.epc.mnc001.mcc415.3gppnetwork.org;transport=sctp,epc.mnc001.mcc415.3gppnetwork.org,"91.232.101.181,91.232.101.182",,false,1,false,true,1500,,,,,,,,,,
Mobily-m1ds1-DRA,aaa://m1ds1-dra.epc.mnc003.mcc420.3gppnetwork.org:3868;transport=sctp,epc.mnc003.mcc420.3gppnetwork.org,"84.23.101.226,84.23.101.230",,false,1,false,false,1500,,,,,,,,,,
Mobily-m3ds1-DRA,aaa://m3ds1-dra.epc.mnc003.mcc420.3gppnetwork.org:3868;transport=sctp,epc.mnc003.mcc420.3gppnetwork.org,"86.51.46.173,86.51.46.177",,false,1,false,false,1500,,,,,,,,,,
OoredooOman-bohss1-hss,aaa://bohss1.epc.mnc003.mcc422.3gppnetwork.org;transport=sctp,epc.mnc003.mcc422.3gppnetwork.org,"5.162.220.172,5.162.221.173",,false,1,false,false,1500,,,,,,,,,,
OoredooOman-bomme1-mme,aaa://bomme1.epc.mnc003.mcc422.3gppnetwork.org;transport=sctp,epc.mnc003.mcc422.3gppnetwork.org,"5.162.221.92,5.162.221.93",,false,1,false,false,1500,,,,,,,,,,
OoredooOman-sohss1-hss,aaa://sohss1.epc.mnc003.mcc422.3gppnetwork.org;transport=sctp,epc.mnc003.mcc422.3gppnetwork.org,"5.162.216.100,5.162.221.101",,false,1,false,false,1500,,,,,,,,,,
OoredooOman-somme1-mme,aaa://somme1.epc.mnc003.mcc422.3gppnetwork.org;transport=sctp,epc.mnc003.mcc422.3gppnetwork.org,"5.162.221.94,5.162.221.95",,false,1,false,false,1500,,,,,,,,,,
Partner-Israel-RH-DSC,aaa://dsc01rh.epc.mnc001.mcc425.3gppnetwork.org;transport=sctp,epc.mnc001.mcc425.3gppnetwork.org,"82.102.191.40,82.102.191.41",,false,1,false,true,1500,,,,,,,,,,
Partner-Israel-RV-DSC,aaa://dsc01rv.epc.mnc001.mcc425.3gppnetwork.org;transport=sctp,epc.mnc001.mcc425.3gppnetwork.org,"82.102.191.43,82.102.191.44",,false,1,false,true,1500,,,,,,,,,,
Pelephone-KA-DEA,aaa://deaka.epc.mnc003.mcc425.3gppnetwork.org;transport=sctp,epc.mnc003.mcc425.3gppnetwork.org,"185.80.109.65,185.80.109.73",,false,1,false,false,1500,,,,,,,,,,
Pelephone-RM-DEA,aaa://dearm.epc.mnc003.mcc425.3gppnetwork.org;transport=sctp,epc.mnc003.mcc425.3gppnetwork.org,"185.80.109.1,185.80.109.9",,false,1,false,false,1500,,,,,,,,,,
Batelco-MHZ-DSC,aaa://dscmhz.epc.mnc001.mcc426.3gppnetwork.org;transport=sctp,epc.mnc001.mcc426.3gppnetwork.org,"88.201.64.37,88.201.64.38",,false,1,false,false,1500,,,,,,,,,17,17
Batelco-TPH-DSC,aaa://dsctph.epc.mnc001.mcc426.3gppnetwork.org;transport=sctp,epc.mnc001.mcc426.3gppnetwork.org,"88.201.64.33,88.201.64.34",,false,1,false,false,1500,,,,,,,,,17,17
OoredooQT-apc101-vHSS,aaa://apcvhss101.epc.mnc001.mcc427.3gppnetwork.org:3868;transport=sctp,epc.mnc001.mcc427.3gppnetwork.org,"82.148.127.4,82.148.127.20",,true,1,false,true,1500,17138,,,,,,,,32,32
OoredooQT-Lab-HSS,aaa://hsstb101.epc.mnc001.mcc427.3gppnetwork.org:3868;transport=sctp,epc.mnc001.mcc427.3gppnetwork.org,82.148.105.116,,true,1,true,true,1500,17126,,,,,,,,,
OoredooQT-mmec02-MME,aaa://mmec02.mmegi8000.mme.epc.mnc001.mcc427.3gppnetwork.org;transport=sctp,epc.mnc001.mcc427.3gppnetwork.org,82.148.114.34,,false,1,false,false,1500,,,,,,,,,,
OoredooQT-mmec03-MME,aaa://mmec03.mmegi8000.mme.epc.mnc001.mcc427.3gppnetwork.org;transport=sctp,epc.mnc001.mcc427.3gppnetwork.org,82.148.114.178,,false,1,false,false,1500,,,,,,,,,,
OoredooQT-mmec04-MME,aaa://mmec04.mmegi8000.mme.epc.mnc001.mcc427.3gppnetwork.org;transport=sctp,epc.mnc001.mcc427.3gppnetwork.org,82.148.123.82,,false,1,false,true,1500,,,,,,,,,,
OoredooQT-njc201-vHSS,aaa://njcvhss201.epc.mnc001.mcc427.3gppnetwork.org:3868;transport=sctp,epc.mnc001.mcc427.3gppnetwork.org,"82.148.127.68,82.148.127.84",,true,1,false,true,1500,17139,,,,,,,,32,32
OoredooQT-NTR-1,aaa://lte01.ntr.epc.mnc001.mcc427.3gppnetwork.org:3868;transport=sctp,epc.mnc001.mcc427.3gppnetwork.org,82.148.114.103,,true,1,false,true,1500,17136,,,,,,,,10,65535
OoredooQT-NTR-2,aaa://lte02.ntr.epc.mnc001.mcc427.3gppnetwork.org:3868;transport=sctp,epc.mnc001.mcc427.3gppnetwork.org,82.148.114.104,,true,1,false,true,1500,17137,,,,,,,,10,65535
babilon-tjkbm-dea,aaa://tjkbm-d01-dea.epc.mnc004.mcc436.3gppnetwork.org;transport=sctp,epc.mnc004.mcc436.3gppnetwork.org,"193.111.11.177,193.111.11.187",,false,1,false,true,1500,,,,,,,,,,
CWSSeychelles-sps1-dea,aaa://sps1.epc.mnc001.mcc633.3gppnetwork.org:3868;transport=sctp,epc.mnc001.mcc633.3gppnetwork.org,"41.86.49.81,41.86.49.83",,false,2,false,false,1500,,,,,,,,,,
MTN_SA_nldea1,aaa://nldea1.epc.mnc010.mcc655.3gppnetwork.org;transport=sctp,epc.mnc010.mcc655.3gppnetwork.org,"41.208.54.130,41.208.54.131",,false,1,false,true,1500,,,,,,,,,,
MTN_SA_rbdea1,aaa://rbdea1.epc.mnc010.mcc655.3gppnetwork.org;transport=sctp,epc.mnc010.mcc655.3gppnetwork.org,"41.208.54.128,41.208.54.129",,false,1,false,true,1500,,,,,,,,,,
NA-CHI-DSC01,aaa://chi-01.dra.ipx.syniverse.3gppnetwork.org:3868;transport=sctp,dra.ipx.syniverse.3gppnetwork.org,"131.166.129.119,131.166.129.135",,true,10,false,true,1500,17001,17002,17003,17004,17005,17006,17007,17008,,
NA-DAL-DSC01,aaa://dal-01.dra.ipx.syniverse.3gppnetwork.org;transport=sctp,dra.ipx.syniverse.3gppnetwork.org,"131.166.129.151,131.166.129.167",,false,10,false,true,1500,,,,,,,,,,
EU-FRT-DSC01,aaa://frt-01.dra.ipx.syniverse.3gppnetwork.org:3868;transport=sctp,dra.ipx.syniverse.3gppnetwork.org,"173.209.215.166,173.209.215.182",,true,1,false,false,1500,17012,,,,,,,,,
AP-HKG-DSC01,aaa://hkg-01.dra.ipx.syniverse.3gppnetwork.org:3868;transport=sctp,dra.ipx.syniverse.3gppnetwork.org,"173.209.220.115,173.209.220.123",,false,10,false,false,1500,,,,,,,,,,
AP-SNG-DSC01,aaa://sng-01.dra.ipx.syniverse.3gppnetwork.org:3868;transport=sctp,dra.ipx.syniverse.3gppnetwork.org,"173.209.221.115,173.209.221.123",,false,10,false,false,1500,,,,,,,,,,
PCCWG-Belgium-DEA1,aaa://dra01-n1-bru01.pccwglobal.ipxnetwork.org:3868;transport=sctp,pccwglobal.ipxnetwork.org,"93.95.48.154,93.95.48.158",,true,1,false,true,1500,17120,,,,,,,,65535,100
PCCWG-Belgium-DEA2,aaa://dra01-n2-bru01.pccwglobal.ipxnetwork.org:3868;transport=sctp,pccwglobal.ipxnetwork.org,"93.95.48.178,93.95.48.182",,true,1,false,true,1500,17121,,,,,,,,65535,10
TelekomAustria-ifad-DRA,aaa://lfad-tag-dxa-02.spn28834.ipxsp.org:3868;transport=sctp,spn28834.ipxsp.org,"213.157.140.53,213.157.140.61",,false,1,false,false,1500,,,,,,,,,,
TelekomAustria-wars-DRA,aaa://wars-tag-dxa-01.spn28834.ipxsp.org:3868;transport=sctp,spn28834.ipxsp.org,"213.157.140.21,213.157.140.29",,false,1,false,false,1500,,,,,,,,,,
OoredooQT-mmec05-MME,aaa://mmec05.mmegi8000.mme.epc.mnc001.mcc427.3gppnetwork.org:3868;transport=sctp,epc.mnc001.mcc427.3gppnetwork.org,82.148.127.130,,false,1,false,true,1500,,,,,,,,,,
SAFARICOM-THK-DEA,aaa://dea1-thk.epc.mnc002.mcc639.3gppnetwork.org:3868;transport=sctp,epc.mnc002.mcc639.3gppnetwork.org,"196.201.211.52,196.201.211.244",,true,1,false,true,1500,17147,,,,,,,,8,8
SAFARICOM-MSA-DEA,aaa://dea2-msa.epc.mnc002.mcc639.3gppnetwork.org:3868;transport=sctp,epc.mnc002.mcc639.3gppnetwork.org,"196.201.220.84,196.201.220.100",,true,1,false,true,1500,17148,,,,,,,,8,8
ibasis-drartm101-dea,aaa://drartm101.ibasis.grx;transport=sctp,ibasis.grx,"62.93.155.6,62.93.155.38",,false,1,false,true,1500,,,,,,,,,,
ibasis-drartm102-dea,aaa://drartm102.ibasis.grx;transport=sctp,ibasis.grx,"62.93.155.7,62.93.155.39",,false,1,false,true,1500,,,,,,,,,,
VFQ_MME_SGSN_QSTP,aaa://mmec69.mmegi8000.mme.epc.mnc002.mcc427.3gppnetwork.org;transport=sctp,epc.mnc002.mcc427.3gppnetwork.org,"80.76.164.146,80.76.164.147",,false,1,false,true,1500,,,,,,,,,,
VFQ_MME_SGSN_QDC,aaa://mmeccd.mmegi8000.mme.epc.mnc002.mcc427.3gppnetwork.org;transport=sctp,epc.mnc002.mcc427.3gppnetwork.org,"80.76.162.239,80.76.162.240",,false,1,false,true,1500,,,,,,,,,,
Beezz-HSS-hlr1srv,aaa://hlr1srv.epc.mnc023.mcc425.3gppnetwork.org:3868;transport=sctp,epc.mnc023.mcc425.3gppnetwork.org,"185.82.68.65,185.82.68.66",,true,1,false,true,1500,17149,,,,,,,,10,65535
Beezz-HSS-hlr2srv,aaa://hlr2srv.epc.mnc023.mcc425.3gppnetwork.org:3868;transport=sctp,epc.mnc023.mcc425.3gppnetwork.org,"185.82.68.67,185.82.68.68",,true,1,false,true,1500,17150,,,,,,,,10,65535
TIWS-SDRAFRAAC,aaa://drafra01.tgsolutions.grx:3868;transport=sctp,tgsolutions.grx,"66.119.86.36,66.119.86.52",,true,1,false,true,1500,17153,,,,,,,,8,8
TIWS-vh-SDRAFRAAC,aaa://vh-drafra01.tgsolutions.grx:3868;transport=sctp,tgsolutions.grx,"66.119.86.37,66.119.86.53",,true,1,false,true,1500,17154,,,,,,,,8,8
TIWS-SDRAMADPE,aaa://dramad01.tgsolutions.grx:3868;transport=sctp,tgsolutions.grx,"66.119.86.4,66.119.86.20",,true,1,false,false,1500,17151,,,,,,,,8,8
TIWS-vh-SDRAMADPE,aaa://vh-dramad01.tgsolutions.grx:3868;transport=sctp,tgsolutions.grx,"66.119.86.5,66.119.86.21",,true,1,false,true,1500,17152,,,,,,,,8,8
Zain-Jordan-HQ-DEA,aaa://zainamm.dra.ims.mnc001.mcc416.3gppnetwork.org:3868;transport=sctp,ims.mnc001.mcc416.3gppnetwork.org,"77.245.14.197,188.247.66.253",,true,1,false,true,1500,17155,,,,,,,,10,65535
MTS-Russia-DEA11,aaa://dea11.epc.mnc001.mcc250.3gppnetwork.org:3868;transport=sctp,epc.mnc001.mcc250.3gppnetwork.org,"213.87.78.45,213.87.78.53",,true,1,false,true,1500,17163,,,,,,,,8,8
MTS-Russia-DEA12,aaa://dea12.epc.mnc001.mcc250.3gppnetwork.org:3868;transport=sctp,epc.mnc001.mcc250.3gppnetwork.org,"213.87.78.197,213.87.78.205",,true,1,false,true,1500,17164,,,,,,,,8,8
OoredooQT-mmec4-MME,aaa://mmec4.mmegi100.mme.epc.mnc001.mcc427.3gppnetwork.org;transport=sctp,epc.mnc001.mcc427.3gppnetwork.org,82.148.114.218,,false,1,false,true,1500,,,,,,,,,,
Three_Ireland-DT0HSS81-HSS,aaa://dt0hss81.epc.mnc005.mcc272.3gppnetwork.org;transport=sctp,epc.mnc005.mcc272.3gppnetwork.org,"185.60.124.2,185.60.124.6","172.30.233.35,172.30.233.51",false,1,false,true,1500,,,,,,,,,,
Three_Ireland-DT0HSS82-HSS,aaa://dt0hss82.epc.mnc005.mcc272.3gppnetwork.org;transport=sctp,epc.mnc005.mcc272.3gppnetwork.org,"185.60.124.1,185.60.124.5","172.30.233.38,172.30.233.53",false,1,false,true,1500,,,,,,,,,,
Three_Ireland-DN1HSS03-HSS,aaa://dn1hss03.epc.mnc005.mcc272.3gppnetwork.org;transport=sctp,epc.mnc005.mcc272.3gppnetwork.org,"83.136.44.130,83.136.44.138","172.23.49.163,172.23.49.179",false,1,false,true,1500,,,,,,,,,,
Three_Ireland-DN1HSS04-HSS,aaa://dn1hss04.epc.mnc005.mcc272.3gppnetwork.org;transport=sctp,epc.mnc005.mcc272.3gppnetwork.org,"83.136.44.131,83.136.44.139","172.23.49.166,172.23.49.181",false,1,false,true,1500,,,,,,,,,,
Three_Ireland-BL0HSS05-HSS,aaa://bl0hss05.epc.mnc005.mcc272.3gppnetwork.org;transport=sctp,epc.mnc005.mcc272.3gppnetwork.org,"83.136.44.132,83.136.44.140","172.16.49.163,172.16.49.179",false,1,false,true,1500,,,,,,,,,,
Three_Ireland-BL0HSS06-HSS,aaa://bl0hss06.epc.mnc005.mcc272.3gppnetwork.org;transport=sctp,epc.mnc005.mcc272.3gppnetwork.org,"83.136.44.133,83.136.44.141","172.16.49.166,172.16.49.181",false,1,false,true,1500,,,,,,,,,,
Econet-DSC-HRE1002,aaa://phedsc.econet.co.zw:3868;transport=sctp,econetlte.co.zw,"77.246.52.82,77.246.52.83","172.22.2.177,172.22.2.178",false,1,false,true,1500,17156,,,,,,,,17,17
Econet-DSC-HRE1001,aaa://wvedsc.econet.co.zw:3868;transport=sctp,econetlte.co.zw,"217.15.121.229,217.15.121.240","172.18.6.144,172.18.6.145",true,1,false,true,1500,17157,,,,,,,,17,17
Africell-ftmme01-mme,aaa://ftmme01.epc.mnc005.mcc619.3gppnetwork.org;transport=sctp,epc.mnc005.mcc619.3gppnetwork.org,"41.223.132.96,41.223.132.97",,false,1,false,true,1500,,,,,,,,,,
Africell-fthss01-hss,aaa://fthss01.epc.mnc005.mcc619.3gppnetwork.org;transport=sctp,epc.mnc005.mcc619.3gppnetwork.org,"41.223.132.98,41.223.132.99","10.190.1.6,10.190.1.14",false,1,false,true,1500,,,,,,,,,,
OoredooQT-labvhss101-hss,aaa://labvhss101.testepc.mnc001.mcc427.3gppnetwork.org:3868;transport=sctp,testepc.mnc001.mcc427.3gppnetwork.org,"82.148.127.36,82.148.127.52",,true,1,false,true,1500,17158,,,,,,,,,
Bouygues-DSC21-DEA,aaa://dsc00021.epc.mnc020.mcc208.3gppnetwork.org:3868;transport=sctp,epc.mnc020.mcc208.3gppnetwork.org,"62.201.128.130,62.201.141.131",,true,1,false,true,1500,17159,,,,,,,,16,16
Bouygues-DSC22-DEA,aaa://dsc00022.epc.mnc020.mcc208.3gppnetwork.org:3868;transport=sctp,epc.mnc020.mcc208.3gppnetwork.org,"62.201.128.131,62.201.141.130",,true,1,false,true,1500,17160,,,,,,,,16,16
Bouygues-DSC41-DEA,aaa://dsc00041.epc.mnc020.mcc208.3gppnetwork.org:3868;transport=sctp,epc.mnc020.mcc208.3gppnetwork.org,"62.201.141.170,62.201.141.181",,true,1,false,true,1500,17161,,,,,,,,16,16
Bouygues-DSC42-DEA,aaa://dsc00042.epc.mnc020.mcc208.3gppnetwork.org:3868;transport=sctp,epc.mnc020.mcc208.3gppnetwork.org,"62.201.141.171,62.201.141.180",,true,1,false,true,1500,17162,,,,,,,,16,16
Three_Ireland-Mobileum-SoR1,aaa://dn2mobap01.epc.mnc005.mcc272.3gppnetwork.org;transport=sctp,epc.mnc005.mcc272.3gppnetwork.org,"185.60.127.82,185.60.127.90",,false,1,false,true,1500,,,,,,,,,,
Three_Ireland-Mobileum-SoR2,aaa://dn2mobap02.epc.mnc005.mcc272.3gppnetwork.org;transport=sctp,epc.mnc005.mcc272.3gppnetwork.org,"185.60.127.83,185.60.127.91",,false,1,false,true,1500,,,,,,,,,,
MTS-Russia-DEA11-vh,aaa://vh-dea11.epc.mnc001.mcc250.3gppnetwork.org:3868;transport=sctp,epc.mnc001.mcc250.3gppnetwork.org,213.87.78.41,,true,1,false,true,1500,17165,,,,,,,,8,8
MTS-Russia-DEA12-vh,aaa://vh-dea12.epc.mnc001.mcc250.3gppnetwork.org:3868;transport=sctp,epc.mnc001.mcc250.3gppnetwork.org,213.87.78.193,,true,1,false,true,1500,17166,,,,,,,,8,8
Gibtelecom-dramp01-DEA,aaa://dramp01.dra.epc.mnc001.mcc266.3gppnetwork.org;transport=sctp,epc.mnc001.mcc266.3gppnetwork.org,"195.244.203.131,195.244.203.139",,false,1,false,true,1500,,,,,,,,,,
Gibtelecom-drahv01-DEA,aaa://drahv01.dra.epc.mnc001.mcc266.3gppnetwork.org;transport=sctp,epc.mnc001.mcc266.3gppnetwork.org,"195.244.203.163,195.244.203.171",,false,1,false,true,1500,,,,,,,,,,
VFQ-QSTPEdge1-DEA,aaa://avpr-ss7edge01.epc.mnc002.mcc427.3gppnetwork.org;transport=sctp,epc.mnc002.mcc427.3gppnetwork.org,"80.76.171.10,80.76.171.18",,false,1,false,true,1500,,,,,,,,,,
VFQ-QSTPEdge2-DEA,aaa://avpr-ss7edge02.epc.mnc002.mcc427.3gppnetwork.org;transport=sctp,epc.mnc002.mcc427.3gppnetwork.org,"80.76.171.11,80.76.171.19",,false,1,false,true,1500,,,,,,,,,,
VFQ-QDCEdge1-DEA,aaa://bvpr-ss7edge01.epc.mnc002.mcc427.3gppnetwork.org;transport=sctp,epc.mnc002.mcc427.3gppnetwork.org,"80.76.171.26,80.76.171.34",,false,1,false,true,1500,,,,,,,,,,
VFQ-QDCEdge2-DEA,aaa://bvpr-ss7edge02.epc.mnc002.mcc427.3gppnetwork.org;transport=sctp,epc.mnc002.mcc427.3gppnetwork.org,"80.76.171.27,80.76.171.35",,false,1,false,true,1500,,,,,,,,,,
Zain-Jordan-NEW-DEA,aaa://globitel.aagdc.mnc001.mcc416.3gppnetwork.org:3868;transport=sctp,epc.mnc001.mcc416.3gppnetwork.org,"77.245.1.2,77.245.1.50",,true,1,false,true,1500,17167,,,,,,,,,
VH-Gibtelecom-SLFMP01-HSS,aaa://vh-slfmp01.epc.mnc001.mcc266.3gppnetwork.org:3868;transport=sctp,epc.mnc001.mcc266.3gppnetwork.org,"195.244.199.73,195.244.199.74",,true,2,false,true,1500,17103,17104,,,,,,,1,1
Viva-Bahrain-hra-DEA,aaa://hra-sps.mnc004.mcc426.3gppnetwork.org;transport=sctp,mnc004.mcc426.3gppnetwork.org,"37.131.15.90,37.131.15.94",,false,1,false,true,1500,,,,,,,,,,
Viva-Bahrain-tub-DEA,aaa://tub-sps.mnc004.mcc426.3gppnetwork.org;transport=sctp,mnc004.mcc426.3gppnetwork.org,"37.131.79.90,37.131.79.94",,false,1,false,true,1500,,,,,,,,,,
comfone-dranl01,aaa://dranl01.comfone.com;transport=sctp,comfone.com,"194.150.198.161,194.150.198.162",,false,1,false,true,1500,,,,,,,,,,
comfone-draus01,aaa://draus01.comfone.com;transport=sctp,comfone.com,"194.150.199.161,194.150.199.162",,false,1,false,true,1500,,,,,,,,,,
